{
  "urls": [
    "output.opus",
    "output.ogg",
    "output.mp3",
    "output.wav"
  ],
  "sprite": {
    "3417__patchen__you-win": [
      0,
      4875.532879818594
    ],
    "33310__queensize__stamp": [
      6000,
      900.0000000000003
    ],
    "60012__qubodup__swing-25": [
      8000,
      759.0929705215412
    ],
    "119556__vrodge__office-printer-printing": [
      10000,
      788.0498866213159
    ],
    "202092__spookymodem__chest-opening": [
      12000,
      552.4716553287981
    ],
    "202753__sheepfilms__slide-whistle-1": [
      14000,
      544.1950113378678
    ],
    "202753__sheepfilms__slide-whistle-2": [
      16000,
      496.4625850340134
    ],
    "208111__planman__poof-of-smoke": [
      18000,
      450.5215419501134
    ],
    "325112__fisch12345__success": [
      20000,
      3196.712018140591
    ],
    "325805__wagna__collect": [
      25000,
      1266.439909297052
    ],
    "336725__kubatko__inception-horn-victory": [
      28000,
      2952.3809523809527
    ],
    "341984__unadamlar__winning": [
      32000,
      3003.9002267573665
    ],
    "361922__lacimarsik__tuning-fork-a4-440hz": [
      37000,
      2001.4058956916117
    ],
    "carriage-return": [
      41000,
      1309.6145124716543
    ],
    "convert": [
      44000,
      66.75736961451406
    ],
    "define": [
      46000,
      952.5170068027222
    ],
    "deflate": [
      48000,
      1518.5034013605473
    ],
    "drawer_close": [
      51000,
      243.08390022675752
    ],
    "drawer_open": [
      53000,
      271.3832199546502
    ],
    "fatbtn_click": [
      55000,
      172.99319727891316
    ],
    "fatbtn_space": [
      57000,
      500.5442176870716
    ],
    "fatbtn_space2": [
      59000,
      999.954648526078
    ],
    "firework-shooting": [
      61000,
      1799.9999999999973
    ],
    "firework1": [
      64000,
      714.7619047619003
    ],
    "firework2": [
      66000,
      828.3219954648473
    ],
    "game-complete": [
      68000,
      3297.2562358276605
    ],
    "heatup": [
      73000,
      383.12925170068013
    ],
    "heatup2": [
      75000,
      383.12925170068013
    ],
    "key-jiggle": [
      77000,
      905.5782312925231
    ],
    "key-press-1": [
      79000,
      512.0861678004474
    ],
    "key-press-2": [
      81000,
      483.12925170067444
    ],
    "key-press-3": [
      83000,
      662.9705215419506
    ],
    "key-press-4": [
      85000,
      626.3945578231329
    ],
    "key-unlock-fast": [
      87000,
      567.4149659864014
    ],
    "key-unlock": [
      89000,
      1270.0453514739252
    ],
    "matching-the-goal": [
      92000,
      2334.9206349206356
    ],
    "matching-the-goal2": [
      96000,
      1148.4807256235854
    ],
    "mouth-revving": [
      99000,
      3767.256235827659
    ],
    "place_from_toolbox": [
      104000,
      84.89795918367804
    ],
    "poof": [
      106000,
      592.1088435374173
    ],
    "pop": [
      108000,
      185.75963718821242
    ],
    "popin": [
      110000,
      220.58956916099248
    ],
    "putaway": [
      112000,
      379.5238095238034
    ],
    "sci-fi-engine-startup": [
      114000,
      3428.5714285714307
    ],
    "shatter1": [
      119000,
      534.2403628117864
    ],
    "shatter2": [
      121000,
      516.507936507935
    ],
    "spill": [
      123000,
      532.8571428571394
    ],
    "swoop": [
      125000,
      829.251700680274
    ],
    "ui_back": [
      127000,
      999.2743764172332
    ],
    "zoom_planet": [
      129000,
      1130.3174603174568
    ]
  }
}