{
  "urls": [
    "output.opus",
    "output.ogg",
    "output.mp3",
    "output.wav"
  ],
  "sprite": {
    "119556__vrodge__office-printer-printing": [
      0,
      788.0498866213152
    ],
    "202092__spookymodem__chest-opening": [
      2000,
      552.4716553287981
    ],
    "202753__sheepfilms__slide-whistle-1": [
      4000,
      544.1950113378687
    ],
    "202753__sheepfilms__slide-whistle-2": [
      6000,
      496.4625850340134
    ],
    "202753__sheepfilms__slide-whistle-3": [
      8000,
      1999.8866213151932
    ],
    "208111__planman__poof-of-smoke": [
      11000,
      450.5215419501134
    ],
    "325112__fisch12345__success": [
      13000,
      3196.712018140591
    ],
    "325805__wagna__collect": [
      18000,
      1266.439909297052
    ],
    "33310__queensize__stamp": [
      21000,
      899.9999999999986
    ],
    "336725__kubatko__inception-horn-victory": [
      23000,
      2952.3809523809527
    ],
    "3417__patchen__you-win": [
      27000,
      4875.532879818593
    ],
    "341984__unadamlar__winning": [
      33000,
      3003.9002267573665
    ],
    "361922__lacimarsik__tuning-fork-a4-440hz": [
      38000,
      2001.4058956916117
    ],
    "371270__mafon2__water-drip-2": [
      42000,
      108.16326530612486
    ],
    "60012__qubodup__swing-25": [
      44000,
      759.0929705215431
    ],
    "acceptance": [
      46000,
      1069.4104308389997
    ],
    "carriage-return": [
      49000,
      1309.6145124716543
    ],
    "chapter-complete-2": [
      52000,
      2310.408163265308
    ],
    "chapter-complete": [
      56000,
      3552.6757369614543
    ],
    "convert": [
      61000,
      66.75736961451406
    ],
    "define": [
      63000,
      952.5170068027222
    ],
    "deflate": [
      65000,
      1518.5034013605473
    ],
    "drawer_close": [
      68000,
      243.08390022675042
    ],
    "drawer_open": [
      70000,
      271.3832199546431
    ],
    "fatbtn_click": [
      72000,
      172.99319727891316
    ],
    "fatbtn_space2": [
      74000,
      999.9546485260709
    ],
    "fatbtn_space": [
      76000,
      500.5442176870787
    ],
    "firework1": [
      78000,
      714.7619047619003
    ],
    "firework2": [
      80000,
      828.3219954648473
    ],
    "firework-shooting": [
      82000,
      1799.9999999999973
    ],
    "game-complete": [
      85000,
      3297.2562358276605
    ],
    "heatup2": [
      90000,
      383.12925170068013
    ],
    "heatup": [
      92000,
      383.12925170068013
    ],
    "key-jiggle": [
      94000,
      905.5782312925231
    ],
    "key-press-1": [
      96000,
      512.0861678004474
    ],
    "key-press-2": [
      98000,
      483.12925170067444
    ],
    "key-press-3": [
      100000,
      662.9705215419506
    ],
    "key-press-4": [
      102000,
      626.3945578231329
    ],
    "key-unlock-fast": [
      104000,
      567.4149659864014
    ],
    "key-unlock": [
      106000,
      1270.0453514739252
    ],
    "matching-the-goal2": [
      109000,
      1148.4807256235854
    ],
    "matching-the-goal": [
      112000,
      2334.9206349206356
    ],
    "mouth-revving": [
      116000,
      3767.256235827659
    ],
    "negative_2": [
      121000,
      1718.752834467125
    ],
    "place_from_toolbox": [
      124000,
      84.89795918367804
    ],
    "playcard": [
      126000,
      187.55102040816496
    ],
    "poof": [
      128000,
      592.1088435374031
    ],
    "popin": [
      130000,
      220.5895691610067
    ],
    "pop": [
      132000,
      185.7596371881982
    ],
    "positive": [
      134000,
      1718.752834467125
    ],
    "putaway": [
      137000,
      379.5238095238176
    ],
    "sci-fi-engine-startup": [
      139000,
      3428.5714285714166
    ],
    "shatter1": [
      144000,
      534.2403628118007
    ],
    "shatter2": [
      146000,
      516.507936507935
    ],
    "spill": [
      148000,
      532.8571428571536
    ],
    "stuck": [
      150000,
      1000
    ],
    "swoop": [
      152000,
      829.2517006802598
    ],
    "ui_back": [
      154000,
      999.2743764172474
    ],
    "zoom_planet": [
      156000,
      1130.3174603174568
    ]
  }
}